<?xml version='1.0' encoding='utf-8' standalone='yes' ?>
<map>
    <string name="afUninstallToken">fjAVbZiGSxWEUU6FG5lJeJ:APA91bE5tqWpcv4SQgyeB72Yo8TymTTcINsL7CjeoaD9Wy6SHIHmyd9R1FuejciSnNcYCl7rSGfl8m87TjkSfavd6UFxljGSvjbVNynTJ4Zi9ls54u-dmh0</string>
    <long name="prev_session_dur" value="1" />
    <long name="af_rc_max_age" value="86400" />
    <boolean name="ddl_sent" value="true" />
    <string name="sentSuccessfully">true</string>
    <string name="af_remote_config">eyJmZWF0dXJlcyI6e30sInZlciI6ImRlZmF1bHQudjEuMTYzNzE0OTUyOSJ9</string>
    <int name="versionCode" value="240011309" />
    <boolean name="sentRegisterRequestToAF" value="true" />
    <string name="savedProperties">{&quot;uid&quot;:&quot;1755318999756-8597440927806775559&quot;,&quot;waitForCustomerId&quot;:&quot;false&quot;,&quot;AppUserId&quot;:&quot;37076609&quot;}</string>
    <string name="AF_INSTALLATION">1755318999756-8597440927806775559</string>
    <boolean name="afUninstallToken_queued" value="false" />
    <int name="appsFlyerCount" value="5" />
    <long name="af_rc_timestamp" value="1755319000317" />
    <long name="AppsFlyerTimePassedSincePrevLaunch" value="1755319013920" />
    <boolean name="newGPReferrerSent" value="true" />
    <string name="first_launch">{&quot;net&quot;:1682,&quot;from_fg&quot;:3749,&quot;start_with&quot;:&quot;activity&quot;,&quot;init_to_fg&quot;:1143}</string>
    <string name="appsFlyerFirstInstall"></string>
    <long name="afUninstallToken_received_time" value="1755319010562" />
    <string name="attributionId">{&quot;af_status&quot;:&quot;Organic&quot;,&quot;af_message&quot;:&quot;organic install&quot;,&quot;is_first_launch&quot;:false}</string>
</map>
