<?xml version='1.0' encoding='utf-8' standalone='yes' ?>
<map>
    <string name="realme/RMX3660/RE588BL1:14/UKQ1.230924.001/T.R4T2.1927be9-3bb5_697a2:user/release-keys;1.12.87">02e47c5ec6580e63a9b51b67cee53ec7</string>
    <string name="deviceIdHash">05050d6f-8bae-4de9-81d4-3c445aff6542</string>
    <string name="LAST_SAVED_LOCALE">en</string>
    <int name="AppMinSdkVersion" value="24" />
    <string name="realme/RMX3660/RE588BL1:14/UKQ1.230924.001/T.R4T2.1927be9-3bb5_697a2:user/release-keys;1.13.09">631a844514c9870b754e2df0ea4d56fb</string>
</map>
