{"Fid":"fjAVbZiGSxWEUU6FG5lJeJ","Status":3,"AuthToken":"eyJhbGciOiJFUzI1NiIsInR5cCI6IkpXVCJ9.eyJhcHBJZCI6IjE6NjM2ODEzODMyNjYyOmFuZHJvaWQ6NmVlMWZhZWNlZGIzYjFkYmZjNzQ3NyIsImV4cCI6MTc1NTg4MzEyNiwiZmlkIjoiZmpBVmJaaUdTeFdFVVU2Rkc1bEplSiIsInByb2plY3ROdW1iZXIiOjYzNjgxMzgzMjY2Mn0.AB2LPV8wRgIhAOyKO5G2pq8fHlj06X6EyqUlFHhgnwT9L4u6bB68patoAiEArNoDBIqz8THerUcgI1srQFbHRYQydlT5ajKr_GhLafU","RefreshToken":"3_AS3qfwJii8ON9Otv83nzvjxn4A2NSeC7CNwII61wOSJwwHsqhovsR5ku3kJ0z6Yoq8LQBeXoKJ5RvvlJnunmynTb4CXXgBOW5Ef5RPro4MY7kF0","TokenCreationEpochInSecs":1755278328,"ExpiresInSecs":604800}