{"Fid":"fJTpWVPzT3KImtNEo40gQ0","Status":3,"AuthToken":"eyJhbGciOiJFUzI1NiIsInR5cCI6IkpXVCJ9.eyJhcHBJZCI6IjE6ODc2MzMzMzcxNTk2OmFuZHJvaWQ6OTJlMjQzNjFhNmE0YWIzY2Y4MzI2OSIsImV4cCI6MTc1NTg4MzEyOSwiZmlkIjoiZkpUcFdWUHpUM0tJbXRORW80MGdRMCIsInByb2plY3ROdW1iZXIiOjg3NjMzMzM3MTU5Nn0.AB2LPV8wRAIgYJSKq9glKQdyaBPQS_9thodqRI9zBcJbI7czS032N5MCID2r-JusBrwsiL43siypv9v8G_lC5bTdGN3jmzQwbck8","RefreshToken":"3_AS3qfwJzPfuwQMQAWPuaDWO1nT5wxXHptX079msfhdBOQbiuBW_jBiuFqfMKti-8Pybk93iMjcoGMABfRGdNFKeXh1GAYMcgh61dvtNXwRxJaw","TokenCreationEpochInSecs":1755278330,"ExpiresInSecs":604800}